alias,cn_uni_id
空大,afmu
安大,au
安理工,aust
安工,aut
BFSU,bfsu
北京外国语大学,bfsu
北外,bfsu
BIT,bit
北京理工大学,bit
北理工,bit
北交,bju
BNU,bnu
北京师范大学,bnu
北师大,bnu
渤大,bu8
BUAA,buaa
北京航空航天大学,buaa
北航,buaa
BUPT,bupt
北京邮电大学,bupt
北邮,bupt
北工,but
美术学院,caa
民用航空飞行学院,cafuc
CAU,cau
中国农业大学,cau
中国农大,cau
农业大学,cau
农大,cau
民航大学,cauc
音乐学院,ccm2
CCNU,ccnu
华中师大,ccnu
华中师范大学,ccnu
计大,cju
计量大学,cju
重交,cju2
首大,cnu
首师大,cnu
长师大,cnu3
药大,cpu
药科大学,cpu
重师大,cqnu
CQU,cqu
重大,cqu
重庆大学,cqu
重理工,cqut
CSU,csu
中南,csu
中南大学,csu
中科,csuft
三大,ctgu
长大,cu
常大,cu10
传大,cuc
传媒大学,cuc
CUFE,cufe
中央财经大学,cufe
中财,cufe
央财,cufe
地大,cug
地质大学,cug
矿业大学,cumtx
矿大,cumtx
石油大学,cupb
CUPL,cupl
中国政法大学,cupl
中政法,cupl
政大,cupl
政法大学,cupl
成理工,cut
长工,cut2
大交,dju
DLUT,dlut
大大,dlut
大工,dlut
大理工,dlut
大连理工大学,dlut
华交,ecju
ECNU,ecnu
华东师大,ecnu
华东师范大学,ecnu
华师大,ecnu
东理工,ecut
福师大,fjnu
阜大,fnu
阜师大,fnu
Fudan,fudan
复大,fudan
复旦,fudan
复旦大学,fudan
福大,fzu
甘大,gau
广工,gdut
赣大,gnu2
赣师大,gnu2
贵师大,gnu3
桂科,guet
广科,gust
桂理工,gut
广大,gxu
贵大,gzu
HDU,hdu
杭州电子科技大学,hdu
杭电,hdu
杭科,hdu
河工,hebut
合大,hfut
合工,hfut
HIT,hit
哈大,hit
哈尔滨工业大学,hit
哈工,hit
哈工大,hit
HNU,hnu
湖南大学,hnu
湖大,hnu
海师大,hnu10
哈师大,hnu15
淮大,hnu3
淮师大,hnu3
杭师大,hnu9
河理工,hpu
湖师大,hunnu
HUST,hust
华中科技大学,hust
华科,hust
湖科,hust5
哈理工,hust6
黑科,hust7
内大,imnu
内师大,imnu2
内科,imust
内工,imut
景大,jci
江大,jiangsu_univ
江苏大学,jiangsu_univ
JLU,jlu
吉大,jlu
吉林大学,jlu
暨南大学,jnu
暨大,jnu
吉师大,jnu3
集大,ju10
佳大,ju11
井大,ju5
江理工,just2
喀大,ku2
昆大,kust
昆理工,kust
兰交,lju
辽大,lnu
辽师大,lnu6
临大,lu
聊大,lu2
鲁大,lu3
兰理工,lut
辽工,lut2
LZU,lzu
兰大,lzu
兰州大学,lzu
闽大,mnu
闽师大,mnu
MUC,muc
中央民大,muc
民大,muc
南开,nankai
南开大学,nankai
东师大,nenu
NEU,neu
东北大学,neu
东大,neu
南工,njtech
NJU,nju
南京大学,nju
南大,nju
NJUPT,njupt
南京邮电大学,njupt
南邮,njupt
NJUST,njust
南京理工大学,njust
南理工,njust
南师大,nnu
NUAA,nuaa
南京航空航天大学,nuaa
南航,nuaa
NUDT,nudt
国大,nudt
国科,nudt
国防科大,nudt
国防科技大学,nudt
NUIST,nuist
南京信息工程大学,nuist
南信大,nuist
NWPU,nwpu
西北工业大学,nwpu
西北工大,nwpu
西工,nwpu
西工大,nwpu
NWSUAF,nwsuaf
西农,nwsuaf
西北农林,nwsuaf
西北农林科技大学,nwsuaf
西科,nwsuaf
宁大,nxu
OUC,ouc
中国海洋大学,ouc
海大,ouc
海洋大学,ouc
PKU,pku
北京大学,pku
北大,pku
人民公安大学,ppsuc
青大,qhu
曲大,qnu2
曲师大,qnu2
青师大,qnu6
青科,qust
青理工,qut
齐工,qut2
RUC,ruc
中国人民大学,ruc
人大,ruc
人民大学,ruc
SCU,scu
四大,scu
四川大学,scu
川大,scu
SCUT,scut
华南理工,scut
华南理工大学,scut
华理工,scut
SDU,sdu
山东大学,sdu
山大,sdu
山科,sdust
SEU,seu
东南,seu
东南大学,seu
SHISU,shisu
上外,shisu
上海外国语大学,shisu
上师大,shnu
SJTU,sjtu
上交,sjtu
上大,sjtu
上海交大,sjtu
上海交通大学,sjtu
交大,sjtu
沈理工,slu
陕大,snnu
陕师大,snnu
四师大,snu
沈师大,snu6
上工,sspu
汕大,stu
上科,su2
苏大,suda
苏州大学,suda
SUFE,sufe
上海财经大学,sufe
上财,sufe
南科,sust
苏科,sust3
陕科,sust4
山理工,sut
沈工,sut2
陕理工,sut3
SYSU,sysu
中山,sysu
中山大学,sysu
SZU,szu
深圳大学,szu
深大,szu
TJU,tju
天大,tju
天津大学,tju
同大,tongji
同济,tongji
同济大学,tongji
THU,tsinghua
清华,tsinghua
清华大学,tsinghua
清大,tsinghua
天工,tu
塔大,tu4
天科,tust
太科,tust2
天理工,tut
太大,tyut
太理工,tyut
科学院大学,ucas
UESTC,uestc
成电,uestc
电大,uestc
电子科大,uestc
电子科技大学,uestc
电科,uestc
UIBE,uibe
对外经济贸易大学,uibe
对外经贸,uibe
对大,uibe
贸大,uibe
济大,uj
上理工,usst
北科,ustb
USTC,ustc
中国科学技术大学,ustc
中科大,ustc
科大,ustc
科学技术大学,ustc
辽科,ustl
WHU,whu
武大,whu
武汉大学,whu
武理工,whut
五大,wu3
武科,wust
温大,wzu
Xidian,xidian
西安电子科技大学,xidian
西电,xidian
XJTU,xjtu
西交,xjtu
西安交大,xjtu
西安交通大学,xjtu
新大,xju
XMU,xmu
厦大,xmu
厦门大学,xmu
新师大,xnu
湘大,xu
西理工,xut2
延大,ybu
云大,ynu
云师大,ynu2
伊大,ynu5
伊师大,ynu5
燕大,ysu
烟大,yu2
扬大,yzu
浙理工,zjtu
ZJU,zju
浙大,zju
浙江大学,zju
浙工,zjut
浙师大,znu3
郑工,zuli
郑大,zzu
